Name,Reference,Distorted,Metric,Metric_val,Mask,Time
crowd_run,/home/a_mos/2019/ref/crowd_run_short_1920x1080_50.yuv,/home/a_mos/2019/seq/crowd_run_x265/enc_res_bytedance_mv_subjective_crowd_run_short_2000.mp4,ssim_fullframe_unsal,0.5606,False,324.3333333333333
crowd_run,/home/a_mos/2019/ref/crowd_run_short_1920x1080_50.yuv,/home/a_mos/2019/seq/crowd_run_x265/enc_res_bytedance_mv_subjective_crowd_run_short_2000.mp4,ssim_raw_sal,0.9224,True,324.3333333333333
crowd_run,/home/a_mos/2019/ref/crowd_run_short_1920x1080_50.yuv,/home/a_mos/2019/seq/crowd_run_x265/enc_res_bytedance_mv_subjective_crowd_run_short_2000.mp4,ssim_raw_unsal,0.9334,False,324.3333333333333
crowd_run,/home/a_mos/2019/ref/crowd_run_short_1920x1080_50.yuv,/home/a_mos/2019/seq/crowd_run_x265/enc_res_bytedance_mv_subjective_crowd_run_short_1000.mp4,ssim_fullframe_unsal,0.5394,False,324.3333333333333
crowd_run,/home/a_mos/2019/ref/crowd_run_short_1920x1080_50.yuv,/home/a_mos/2019/seq/crowd_run_x265/enc_res_bytedance_mv_subjective_crowd_run_short_1000.mp4,ssim_raw_sal,0.9206,True,324.3333333333333
crowd_run,/home/a_mos/2019/ref/crowd_run_short_1920x1080_50.yuv,/home/a_mos/2019/seq/crowd_run_x265/enc_res_bytedance_mv_subjective_crowd_run_short_1000.mp4,ssim_raw_unsal,0.9339,False,324.3333333333333
crowd_run,/home/a_mos/2019/ref/crowd_run_short_1920x1080_50.yuv,/home/a_mos/2019/seq/crowd_run_x265/enc_res_huawei_mv_subjective_crowd_run_short_1000.mp4,ssim_fullframe_unsal,0.5545,False,328.3333333333333
crowd_run,/home/a_mos/2019/ref/crowd_run_short_1920x1080_50.yuv,/home/a_mos/2019/seq/crowd_run_x265/enc_res_huawei_mv_subjective_crowd_run_short_1000.mp4,ssim_raw_sal,0.9261,True,328.3333333333333
crowd_run,/home/a_mos/2019/ref/crowd_run_short_1920x1080_50.yuv,/home/a_mos/2019/seq/crowd_run_x265/enc_res_huawei_mv_subjective_crowd_run_short_1000.mp4,ssim_raw_unsal,0.9364,False,328.3333333333333
crowd_run,/home/a_mos/2019/ref/crowd_run_short_1920x1080_50.yuv,/home/a_mos/2019/seq/crowd_run_x265/enc_res_bytedance_mv_subjective_crowd_run_short_4000.mp4,ssim_fullframe_unsal,0.5774,False,328.3333333333333
crowd_run,/home/a_mos/2019/ref/crowd_run_short_1920x1080_50.yuv,/home/a_mos/2019/seq/crowd_run_x265/enc_res_bytedance_mv_subjective_crowd_run_short_4000.mp4,ssim_raw_sal,0.9203,True,328.3333333333333
crowd_run,/home/a_mos/2019/ref/crowd_run_short_1920x1080_50.yuv,/home/a_mos/2019/seq/crowd_run_x265/enc_res_bytedance_mv_subjective_crowd_run_short_4000.mp4,ssim_raw_unsal,0.9312,False,328.3333333333333
crowd_run,/home/a_mos/2019/ref/crowd_run_short_1920x1080_50.yuv,/home/a_mos/2019/seq/crowd_run_x265/enc_res_huawei_mv_subjective_crowd_run_short_4000.mp4,ssim_fullframe_unsal,0.5849,False,329.0
crowd_run,/home/a_mos/2019/ref/crowd_run_short_1920x1080_50.yuv,/home/a_mos/2019/seq/crowd_run_x265/enc_res_huawei_mv_subjective_crowd_run_short_4000.mp4,ssim_raw_sal,0.9231,True,329.0
crowd_run,/home/a_mos/2019/ref/crowd_run_short_1920x1080_50.yuv,/home/a_mos/2019/seq/crowd_run_x265/enc_res_huawei_mv_subjective_crowd_run_short_4000.mp4,ssim_raw_unsal,0.9321,False,329.0
crowd_run,/home/a_mos/2019/ref/crowd_run_short_1920x1080_50.yuv,/home/a_mos/2019/seq/crowd_run_x265/enc_res_huawei_mv_subjective_crowd_run_short_2000.mp4,ssim_fullframe_unsal,0.573,False,329.3333333333333
crowd_run,/home/a_mos/2019/ref/crowd_run_short_1920x1080_50.yuv,/home/a_mos/2019/seq/crowd_run_x265/enc_res_huawei_mv_subjective_crowd_run_short_2000.mp4,ssim_raw_sal,0.9257,True,329.3333333333333
crowd_run,/home/a_mos/2019/ref/crowd_run_short_1920x1080_50.yuv,/home/a_mos/2019/seq/crowd_run_x265/enc_res_huawei_mv_subjective_crowd_run_short_2000.mp4,ssim_raw_unsal,0.9349,False,329.3333333333333
crowd_run,/home/a_mos/2019/ref/crowd_run_short_1920x1080_50.yuv,/home/a_mos/2019/seq/crowd_run_x265/enc_res_sif_mv_subjective_crowd_run_short_2000.mp4,ssim_fullframe_unsal,0.5226,False,329.0
crowd_run,/home/a_mos/2019/ref/crowd_run_short_1920x1080_50.yuv,/home/a_mos/2019/seq/crowd_run_x265/enc_res_sif_mv_subjective_crowd_run_short_2000.mp4,ssim_raw_sal,0.9119,True,329.0
crowd_run,/home/a_mos/2019/ref/crowd_run_short_1920x1080_50.yuv,/home/a_mos/2019/seq/crowd_run_x265/enc_res_sif_mv_subjective_crowd_run_short_2000.mp4,ssim_raw_unsal,0.9279,False,329.0
crowd_run,/home/a_mos/2019/ref/crowd_run_short_1920x1080_50.yuv,/home/a_mos/2019/seq/crowd_run_x265/enc_res_sif_mv_subjective_crowd_run_short_1000.mp4,ssim_fullframe_unsal,0.4946,False,329.0
crowd_run,/home/a_mos/2019/ref/crowd_run_short_1920x1080_50.yuv,/home/a_mos/2019/seq/crowd_run_x265/enc_res_sif_mv_subjective_crowd_run_short_1000.mp4,ssim_raw_sal,0.9079,True,329.0
crowd_run,/home/a_mos/2019/ref/crowd_run_short_1920x1080_50.yuv,/home/a_mos/2019/seq/crowd_run_x265/enc_res_sif_mv_subjective_crowd_run_short_1000.mp4,ssim_raw_unsal,0.9272,False,329.0
crowd_run,/home/a_mos/2019/ref/crowd_run_short_1920x1080_50.yuv,/home/a_mos/2019/seq/crowd_run_x265/enc_res_sz265_mv_subjective_crowd_run_short_1000.mp4,ssim_fullframe_unsal,0.5414,False,327.6666666666667
crowd_run,/home/a_mos/2019/ref/crowd_run_short_1920x1080_50.yuv,/home/a_mos/2019/seq/crowd_run_x265/enc_res_sz265_mv_subjective_crowd_run_short_1000.mp4,ssim_raw_sal,0.9212,True,327.6666666666667
crowd_run,/home/a_mos/2019/ref/crowd_run_short_1920x1080_50.yuv,/home/a_mos/2019/seq/crowd_run_x265/enc_res_sif_mv_subjective_crowd_run_short_4000.mp4,ssim_fullframe_unsal,0.5459,False,327.6666666666667
crowd_run,/home/a_mos/2019/ref/crowd_run_short_1920x1080_50.yuv,/home/a_mos/2019/seq/crowd_run_x265/enc_res_sz265_mv_subjective_crowd_run_short_1000.mp4,ssim_raw_unsal,0.9344,False,327.6666666666667
crowd_run,/home/a_mos/2019/ref/crowd_run_short_1920x1080_50.yuv,/home/a_mos/2019/seq/crowd_run_x265/enc_res_sif_mv_subjective_crowd_run_short_4000.mp4,ssim_raw_sal,0.9131,True,327.6666666666667
crowd_run,/home/a_mos/2019/ref/crowd_run_short_1920x1080_50.yuv,/home/a_mos/2019/seq/crowd_run_x265/enc_res_sif_mv_subjective_crowd_run_short_4000.mp4,ssim_raw_unsal,0.9269,False,327.6666666666667
crowd_run,/home/a_mos/2019/ref/crowd_run_short_1920x1080_50.yuv,/home/a_mos/2019/seq/crowd_run_x265/enc_res_sz265_mv_subjective_crowd_run_short_2000.mp4,ssim_fullframe_unsal,0.5594,False,328.6666666666667
crowd_run,/home/a_mos/2019/ref/crowd_run_short_1920x1080_50.yuv,/home/a_mos/2019/seq/crowd_run_x265/enc_res_sz265_mv_subjective_crowd_run_short_2000.mp4,ssim_raw_sal,0.9217,True,328.6666666666667
crowd_run,/home/a_mos/2019/ref/crowd_run_short_1920x1080_50.yuv,/home/a_mos/2019/seq/crowd_run_x265/enc_res_sz265_mv_subjective_crowd_run_short_2000.mp4,ssim_raw_unsal,0.9327,False,328.6666666666667
crowd_run,/home/a_mos/2019/ref/crowd_run_short_1920x1080_50.yuv,/home/a_mos/2019/seq/crowd_run_x265/enc_res_sz265_mv_subjective_crowd_run_short_4000.mp4,ssim_fullframe_unsal,0.5769,False,328.6666666666667
crowd_run,/home/a_mos/2019/ref/crowd_run_short_1920x1080_50.yuv,/home/a_mos/2019/seq/crowd_run_x265/enc_res_sz265_mv_subjective_crowd_run_short_4000.mp4,ssim_raw_sal,0.9206,True,328.6666666666667
crowd_run,/home/a_mos/2019/ref/crowd_run_short_1920x1080_50.yuv,/home/a_mos/2019/seq/crowd_run_x265/enc_res_sz265_mv_subjective_crowd_run_short_4000.mp4,ssim_raw_unsal,0.9312,False,328.6666666666667
crowd_run,/home/a_mos/2019/ref/crowd_run_short_1920x1080_50.yuv,/home/a_mos/2019/seq/crowd_run_x265/enc_res_t265_mv_subjective_crowd_run_short_1000.mp4,ssim_fullframe_unsal,0.5465,False,330.3333333333333
crowd_run,/home/a_mos/2019/ref/crowd_run_short_1920x1080_50.yuv,/home/a_mos/2019/seq/crowd_run_x265/enc_res_t265_mv_subjective_crowd_run_short_1000.mp4,ssim_raw_sal,0.9255,True,330.3333333333333
crowd_run,/home/a_mos/2019/ref/crowd_run_short_1920x1080_50.yuv,/home/a_mos/2019/seq/crowd_run_x265/enc_res_t265_mv_subjective_crowd_run_short_1000.mp4,ssim_raw_unsal,0.9369,False,330.3333333333333
crowd_run,/home/a_mos/2019/ref/crowd_run_short_1920x1080_50.yuv,/home/a_mos/2019/seq/crowd_run_x265/enc_res_t265_mv_subjective_crowd_run_short_2000.mp4,ssim_fullframe_unsal,0.5674,False,330.3333333333333
crowd_run,/home/a_mos/2019/ref/crowd_run_short_1920x1080_50.yuv,/home/a_mos/2019/seq/crowd_run_x265/enc_res_t265_mv_subjective_crowd_run_short_2000.mp4,ssim_raw_sal,0.9243,True,330.3333333333333
crowd_run,/home/a_mos/2019/ref/crowd_run_short_1920x1080_50.yuv,/home/a_mos/2019/seq/crowd_run_x265/enc_res_t265_mv_subjective_crowd_run_short_2000.mp4,ssim_raw_unsal,0.9347,False,330.3333333333333
crowd_run,/home/a_mos/2019/ref/crowd_run_short_1920x1080_50.yuv,/home/a_mos/2019/seq/crowd_run_x265/enc_res_t265_mv_subjective_crowd_run_short_4000.mp4,ssim_fullframe_unsal,0.5829,False,328.3333333333333
crowd_run,/home/a_mos/2019/ref/crowd_run_short_1920x1080_50.yuv,/home/a_mos/2019/seq/crowd_run_x265/enc_res_t265_mv_subjective_crowd_run_short_4000.mp4,ssim_raw_sal,0.9217,True,328.3333333333333
crowd_run,/home/a_mos/2019/ref/crowd_run_short_1920x1080_50.yuv,/home/a_mos/2019/seq/crowd_run_x265/enc_res_uc265_mv_subjective_crowd_run_short_1000.mp4,ssim_fullframe_unsal,0.5407,False,328.3333333333333
crowd_run,/home/a_mos/2019/ref/crowd_run_short_1920x1080_50.yuv,/home/a_mos/2019/seq/crowd_run_x265/enc_res_t265_mv_subjective_crowd_run_short_4000.mp4,ssim_raw_unsal,0.9319,False,328.3333333333333
crowd_run,/home/a_mos/2019/ref/crowd_run_short_1920x1080_50.yuv,/home/a_mos/2019/seq/crowd_run_x265/enc_res_uc265_mv_subjective_crowd_run_short_1000.mp4,ssim_raw_sal,0.9246,True,328.3333333333333
crowd_run,/home/a_mos/2019/ref/crowd_run_short_1920x1080_50.yuv,/home/a_mos/2019/seq/crowd_run_x265/enc_res_uc265_mv_subjective_crowd_run_short_1000.mp4,ssim_raw_unsal,0.9363,False,328.3333333333333
crowd_run,/home/a_mos/2019/ref/crowd_run_short_1920x1080_50.yuv,/home/a_mos/2019/seq/crowd_run_x265/enc_res_uc265_mv_subjective_crowd_run_short_4000.mp4,ssim_fullframe_unsal,0.5748,False,328.0
crowd_run,/home/a_mos/2019/ref/crowd_run_short_1920x1080_50.yuv,/home/a_mos/2019/seq/crowd_run_x265/enc_res_uc265_mv_subjective_crowd_run_short_4000.mp4,ssim_raw_sal,0.9218,True,328.0
crowd_run,/home/a_mos/2019/ref/crowd_run_short_1920x1080_50.yuv,/home/a_mos/2019/seq/crowd_run_x265/enc_res_uc265_mv_subjective_crowd_run_short_4000.mp4,ssim_raw_unsal,0.9323,False,328.0
crowd_run,/home/a_mos/2019/ref/crowd_run_short_1920x1080_50.yuv,/home/a_mos/2019/seq/crowd_run_x265/enc_res_uc265_mv_subjective_crowd_run_short_2000.mp4,ssim_fullframe_unsal,0.5601,False,328.6666666666667
crowd_run,/home/a_mos/2019/ref/crowd_run_short_1920x1080_50.yuv,/home/a_mos/2019/seq/crowd_run_x265/enc_res_uc265_mv_subjective_crowd_run_short_2000.mp4,ssim_raw_sal,0.9243,True,328.6666666666667
crowd_run,/home/a_mos/2019/ref/crowd_run_short_1920x1080_50.yuv,/home/a_mos/2019/seq/crowd_run_x265/enc_res_uc265_mv_subjective_crowd_run_short_2000.mp4,ssim_raw_unsal,0.935,False,328.6666666666667
crowd_run,/home/a_mos/2019/ref/crowd_run_short_1920x1080_50.yuv,/home/a_mos/2019/seq/crowd_run_x265/enc_res_venc_mv_subjective_crowd_run_short_1000.mp4,ssim_fullframe_unsal,0.5474,False,331.0
crowd_run,/home/a_mos/2019/ref/crowd_run_short_1920x1080_50.yuv,/home/a_mos/2019/seq/crowd_run_x265/enc_res_venc_mv_subjective_crowd_run_short_1000.mp4,ssim_raw_sal,0.9058,True,331.0
crowd_run,/home/a_mos/2019/ref/crowd_run_short_1920x1080_50.yuv,/home/a_mos/2019/seq/crowd_run_x265/enc_res_venc_mv_subjective_crowd_run_short_1000.mp4,ssim_raw_unsal,0.9231,False,331.0
crowd_run,/home/a_mos/2019/ref/crowd_run_short_1920x1080_50.yuv,/home/a_mos/2019/seq/crowd_run_x265/enc_res_venc_mv_subjective_crowd_run_short_2000.mp4,ssim_fullframe_unsal,0.5492,False,330.3333333333333
crowd_run,/home/a_mos/2019/ref/crowd_run_short_1920x1080_50.yuv,/home/a_mos/2019/seq/crowd_run_x265/enc_res_venc_mv_subjective_crowd_run_short_2000.mp4,ssim_raw_sal,0.9053,True,330.3333333333333
crowd_run,/home/a_mos/2019/ref/crowd_run_short_1920x1080_50.yuv,/home/a_mos/2019/seq/crowd_run_x265/enc_res_venc_mv_subjective_crowd_run_short_2000.mp4,ssim_raw_unsal,0.9226,False,330.3333333333333
crowd_run,/home/a_mos/2019/ref/crowd_run_short_1920x1080_50.yuv,/home/a_mos/2019/seq/crowd_run_x265/enc_res_vp9_mv_subjective_crowd_run_short_1000.mp4,ssim_fullframe_unsal,0.5282,False,331.0
crowd_run,/home/a_mos/2019/ref/crowd_run_short_1920x1080_50.yuv,/home/a_mos/2019/seq/crowd_run_x265/enc_res_venc_mv_subjective_crowd_run_short_4000.mp4,ssim_fullframe_unsal,0.5506,False,331.0
crowd_run,/home/a_mos/2019/ref/crowd_run_short_1920x1080_50.yuv,/home/a_mos/2019/seq/crowd_run_x265/enc_res_vp9_mv_subjective_crowd_run_short_1000.mp4,ssim_raw_sal,0.9194,True,331.0
crowd_run,/home/a_mos/2019/ref/crowd_run_short_1920x1080_50.yuv,/home/a_mos/2019/seq/crowd_run_x265/enc_res_venc_mv_subjective_crowd_run_short_4000.mp4,ssim_raw_sal,0.9027,True,331.0
crowd_run,/home/a_mos/2019/ref/crowd_run_short_1920x1080_50.yuv,/home/a_mos/2019/seq/crowd_run_x265/enc_res_vp9_mv_subjective_crowd_run_short_1000.mp4,ssim_raw_unsal,0.9342,False,331.0
crowd_run,/home/a_mos/2019/ref/crowd_run_short_1920x1080_50.yuv,/home/a_mos/2019/seq/crowd_run_x265/enc_res_venc_mv_subjective_crowd_run_short_4000.mp4,ssim_raw_unsal,0.9208,False,331.0
crowd_run,/home/a_mos/2019/ref/crowd_run_short_1920x1080_50.yuv,/home/a_mos/2019/seq/crowd_run_x265/enc_res_vp9_mv_subjective_crowd_run_short_4000.mp4,ssim_fullframe_unsal,0.5672,False,331.0
crowd_run,/home/a_mos/2019/ref/crowd_run_short_1920x1080_50.yuv,/home/a_mos/2019/seq/crowd_run_x265/enc_res_vp9_mv_subjective_crowd_run_short_4000.mp4,ssim_raw_sal,0.9168,True,331.0
crowd_run,/home/a_mos/2019/ref/crowd_run_short_1920x1080_50.yuv,/home/a_mos/2019/seq/crowd_run_x265/enc_res_vp9_mv_subjective_crowd_run_short_4000.mp4,ssim_raw_unsal,0.9302,False,331.0
crowd_run,/home/a_mos/2019/ref/crowd_run_short_1920x1080_50.yuv,/home/a_mos/2019/seq/crowd_run_x265/enc_res_vp9_mv_subjective_crowd_run_short_2000.mp4,ssim_fullframe_unsal,0.551,False,331.0
crowd_run,/home/a_mos/2019/ref/crowd_run_short_1920x1080_50.yuv,/home/a_mos/2019/seq/crowd_run_x265/enc_res_vp9_mv_subjective_crowd_run_short_2000.mp4,ssim_raw_sal,0.9196,True,331.0
crowd_run,/home/a_mos/2019/ref/crowd_run_short_1920x1080_50.yuv,/home/a_mos/2019/seq/crowd_run_x265/enc_res_vp9_mv_subjective_crowd_run_short_2000.mp4,ssim_raw_unsal,0.9332,False,331.0
crowd_run,/home/a_mos/2019/ref/crowd_run_short_1920x1080_50.yuv,/home/a_mos/2019/seq/crowd_run_x265/enc_res_x264_mv_subjective_crowd_run_short_1000.mp4,ssim_fullframe_unsal,0.5221,False,331.3333333333333
crowd_run,/home/a_mos/2019/ref/crowd_run_short_1920x1080_50.yuv,/home/a_mos/2019/seq/crowd_run_x265/enc_res_x264_mv_subjective_crowd_run_short_1000.mp4,ssim_raw_sal,0.9357,True,331.3333333333333
crowd_run,/home/a_mos/2019/ref/crowd_run_short_1920x1080_50.yuv,/home/a_mos/2019/seq/crowd_run_x265/enc_res_x264_mv_subjective_crowd_run_short_2000.mp4,ssim_fullframe_unsal,0.5504,False,331.3333333333333
crowd_run,/home/a_mos/2019/ref/crowd_run_short_1920x1080_50.yuv,/home/a_mos/2019/seq/crowd_run_x265/enc_res_x264_mv_subjective_crowd_run_short_1000.mp4,ssim_raw_unsal,0.947,False,331.3333333333333
crowd_run,/home/a_mos/2019/ref/crowd_run_short_1920x1080_50.yuv,/home/a_mos/2019/seq/crowd_run_x265/enc_res_x264_mv_subjective_crowd_run_short_2000.mp4,ssim_raw_sal,0.934,True,331.3333333333333
crowd_run,/home/a_mos/2019/ref/crowd_run_short_1920x1080_50.yuv,/home/a_mos/2019/seq/crowd_run_x265/enc_res_x264_mv_subjective_crowd_run_short_2000.mp4,ssim_raw_unsal,0.9425,False,331.3333333333333
crowd_run,/home/a_mos/2019/ref/crowd_run_short_1920x1080_50.yuv,/home/a_mos/2019/seq/crowd_run_x265/enc_res_x265_mv_subjective_crowd_run_short_1000.mp4,ssim_fullframe_unsal,0.5199,False,330.0
crowd_run,/home/a_mos/2019/ref/crowd_run_short_1920x1080_50.yuv,/home/a_mos/2019/seq/crowd_run_x265/enc_res_x264_mv_subjective_crowd_run_short_4000.mp4,ssim_fullframe_unsal,0.5716,False,330.0
crowd_run,/home/a_mos/2019/ref/crowd_run_short_1920x1080_50.yuv,/home/a_mos/2019/seq/crowd_run_x265/enc_res_x265_mv_subjective_crowd_run_short_1000.mp4,ssim_raw_sal,0.9163,True,330.0
crowd_run,/home/a_mos/2019/ref/crowd_run_short_1920x1080_50.yuv,/home/a_mos/2019/seq/crowd_run_x265/enc_res_x264_mv_subjective_crowd_run_short_4000.mp4,ssim_raw_sal,0.9267,True,330.0
crowd_run,/home/a_mos/2019/ref/crowd_run_short_1920x1080_50.yuv,/home/a_mos/2019/seq/crowd_run_x265/enc_res_x265_mv_subjective_crowd_run_short_1000.mp4,ssim_raw_unsal,0.9324,False,330.0
crowd_run,/home/a_mos/2019/ref/crowd_run_short_1920x1080_50.yuv,/home/a_mos/2019/seq/crowd_run_x265/enc_res_x264_mv_subjective_crowd_run_short_4000.mp4,ssim_raw_unsal,0.9364,False,330.0
crowd_run,/home/a_mos/2019/ref/crowd_run_short_1920x1080_50.yuv,/home/a_mos/2019/seq/crowd_run_x265/enc_res_x265_mv_subjective_crowd_run_short_2000.mp4,ssim_fullframe_unsal,0.5535,False,331.0
crowd_run,/home/a_mos/2019/ref/crowd_run_short_1920x1080_50.yuv,/home/a_mos/2019/seq/crowd_run_x265/enc_res_x265_mv_subjective_crowd_run_short_2000.mp4,ssim_raw_sal,0.9202,True,331.0
crowd_run,/home/a_mos/2019/ref/crowd_run_short_1920x1080_50.yuv,/home/a_mos/2019/seq/crowd_run_x265/enc_res_x265_mv_subjective_crowd_run_short_4000.mp4,ssim_fullframe_unsal,0.5715,False,331.0
crowd_run,/home/a_mos/2019/ref/crowd_run_short_1920x1080_50.yuv,/home/a_mos/2019/seq/crowd_run_x265/enc_res_x265_mv_subjective_crowd_run_short_4000.mp4,ssim_raw_sal,0.9201,True,331.0
crowd_run,/home/a_mos/2019/ref/crowd_run_short_1920x1080_50.yuv,/home/a_mos/2019/seq/crowd_run_x265/enc_res_x265_mv_subjective_crowd_run_short_2000.mp4,ssim_raw_unsal,0.9322,False,331.0
crowd_run,/home/a_mos/2019/ref/crowd_run_short_1920x1080_50.yuv,/home/a_mos/2019/seq/crowd_run_x265/enc_res_x265_mv_subjective_crowd_run_short_4000.mp4,ssim_raw_unsal,0.9308,False,331.0
crowd_run,/home/a_mos/2019/ref/crowd_run_short_1920x1080_50.yuv,/home/a_mos/2019/seq/crowd_run_x265/enc_res_xin265_mv_subjective_crowd_run_short_1000.mp4,ssim_fullframe_unsal,0.5315,False,330.3333333333333
crowd_run,/home/a_mos/2019/ref/crowd_run_short_1920x1080_50.yuv,/home/a_mos/2019/seq/crowd_run_x265/enc_res_xin265_mv_subjective_crowd_run_short_2000.mp4,ssim_fullframe_unsal,0.5588,False,330.3333333333333
crowd_run,/home/a_mos/2019/ref/crowd_run_short_1920x1080_50.yuv,/home/a_mos/2019/seq/crowd_run_x265/enc_res_xin265_mv_subjective_crowd_run_short_1000.mp4,ssim_raw_sal,0.9226,True,330.3333333333333
crowd_run,/home/a_mos/2019/ref/crowd_run_short_1920x1080_50.yuv,/home/a_mos/2019/seq/crowd_run_x265/enc_res_xin265_mv_subjective_crowd_run_short_2000.mp4,ssim_raw_sal,0.9247,True,330.3333333333333
crowd_run,/home/a_mos/2019/ref/crowd_run_short_1920x1080_50.yuv,/home/a_mos/2019/seq/crowd_run_x265/enc_res_xin265_mv_subjective_crowd_run_short_1000.mp4,ssim_raw_unsal,0.9343,False,330.3333333333333
crowd_run,/home/a_mos/2019/ref/crowd_run_short_1920x1080_50.yuv,/home/a_mos/2019/seq/crowd_run_x265/enc_res_xin265_mv_subjective_crowd_run_short_2000.mp4,ssim_raw_unsal,0.9348,False,330.3333333333333
crowd_run,/home/a_mos/2019/ref/crowd_run_short_1920x1080_50.yuv,/home/a_mos/2019/seq/crowd_run_x265/enc_res_xin265_mv_subjective_crowd_run_short_4000.mp4,ssim_fullframe_unsal,0.5744,False,330.3333333333333
crowd_run,/home/a_mos/2019/ref/crowd_run_short_1920x1080_50.yuv,/home/a_mos/2019/seq/crowd_run_x265/enc_res_xin265_mv_subjective_crowd_run_short_4000.mp4,ssim_raw_sal,0.9219,True,330.3333333333333
crowd_run,/home/a_mos/2019/ref/crowd_run_short_1920x1080_50.yuv,/home/a_mos/2019/seq/crowd_run_x265/enc_res_xin265_mv_subjective_crowd_run_short_4000.mp4,ssim_raw_unsal,0.9327,False,330.3333333333333
crowd_run,/home/a_mos/2019/ref/crowd_run_short_1920x1080_50.yuv,/home/a_mos/2019/seq/crowd_run_x265/enc_res_xvc_mv_subjective_crowd_run_short_1000.mp4,ssim_fullframe_unsal,0.5409,False,330.3333333333333
crowd_run,/home/a_mos/2019/ref/crowd_run_short_1920x1080_50.yuv,/home/a_mos/2019/seq/crowd_run_x265/enc_res_xvc_mv_subjective_crowd_run_short_1000.mp4,ssim_raw_sal,0.9229,True,330.3333333333333
crowd_run,/home/a_mos/2019/ref/crowd_run_short_1920x1080_50.yuv,/home/a_mos/2019/seq/crowd_run_x265/enc_res_xvc_mv_subjective_crowd_run_short_1000.mp4,ssim_raw_unsal,0.9346,False,330.3333333333333
crowd_run,/home/a_mos/2019/ref/crowd_run_short_1920x1080_50.yuv,/home/a_mos/2019/seq/crowd_run_x265/enc_res_xvc_mv_subjective_crowd_run_short_2000.mp4,ssim_fullframe_unsal,0.5606,False,329.3333333333333
crowd_run,/home/a_mos/2019/ref/crowd_run_short_1920x1080_50.yuv,/home/a_mos/2019/seq/crowd_run_x265/enc_res_xvc_mv_subjective_crowd_run_short_4000.mp4,ssim_fullframe_unsal,0.5752,False,329.3333333333333
crowd_run,/home/a_mos/2019/ref/crowd_run_short_1920x1080_50.yuv,/home/a_mos/2019/seq/crowd_run_x265/enc_res_xvc_mv_subjective_crowd_run_short_2000.mp4,ssim_raw_sal,0.9221,True,329.3333333333333
crowd_run,/home/a_mos/2019/ref/crowd_run_short_1920x1080_50.yuv,/home/a_mos/2019/seq/crowd_run_x265/enc_res_xvc_mv_subjective_crowd_run_short_4000.mp4,ssim_raw_sal,0.9189,True,329.3333333333333
crowd_run,/home/a_mos/2019/ref/crowd_run_short_1920x1080_50.yuv,/home/a_mos/2019/seq/crowd_run_x265/enc_res_xvc_mv_subjective_crowd_run_short_2000.mp4,ssim_raw_unsal,0.9327,False,329.3333333333333
crowd_run,/home/a_mos/2019/ref/crowd_run_short_1920x1080_50.yuv,/home/a_mos/2019/seq/crowd_run_x265/enc_res_xvc_mv_subjective_crowd_run_short_4000.mp4,ssim_raw_unsal,0.9296,False,329.3333333333333
kayak_trip,/home/a_mos/2019/ref/kayak_trip_short_1920x1080_60.yuv,/home/a_mos/2019/seq/kayak_trip_x265/enc_res_bytedance_mv_subjective_kayak_trip_short_1000.mkv,ssim_fullframe_unsal,0.8427,False,589.3333333333334
kayak_trip,/home/a_mos/2019/ref/kayak_trip_short_1920x1080_60.yuv,/home/a_mos/2019/seq/kayak_trip_x265/enc_res_bytedance_mv_subjective_kayak_trip_short_1000.mkv,ssim_raw_sal,0.9645,True,589.3333333333334
kayak_trip,/home/a_mos/2019/ref/kayak_trip_short_1920x1080_60.yuv,/home/a_mos/2019/seq/kayak_trip_x265/enc_res_bytedance_mv_subjective_kayak_trip_short_1000.mkv,ssim_raw_unsal,0.9765,False,589.3333333333334
kayak_trip,/home/a_mos/2019/ref/kayak_trip_short_1920x1080_60.yuv,/home/a_mos/2019/seq/kayak_trip_x265/enc_res_bytedance_mv_subjective_kayak_trip_short_2000.mkv,ssim_fullframe_unsal,0.8708,False,593.6666666666666
kayak_trip,/home/a_mos/2019/ref/kayak_trip_short_1920x1080_60.yuv,/home/a_mos/2019/seq/kayak_trip_x265/enc_res_bytedance_mv_subjective_kayak_trip_short_2000.mkv,ssim_raw_sal,0.9652,True,593.6666666666666
kayak_trip,/home/a_mos/2019/ref/kayak_trip_short_1920x1080_60.yuv,/home/a_mos/2019/seq/kayak_trip_x265/enc_res_bytedance_mv_subjective_kayak_trip_short_2000.mkv,ssim_raw_unsal,0.9773,False,593.6666666666666
kayak_trip,/home/a_mos/2019/ref/kayak_trip_short_1920x1080_60.yuv,/home/a_mos/2019/seq/kayak_trip_x265/enc_res_huawei_20190725_mv_subjective_kayak_trip_short_1000.mkv,ssim_fullframe_unsal,0.8439,False,596.0
kayak_trip,/home/a_mos/2019/ref/kayak_trip_short_1920x1080_60.yuv,/home/a_mos/2019/seq/kayak_trip_x265/enc_res_huawei_20190725_mv_subjective_kayak_trip_short_1000.mkv,ssim_raw_sal,0.9647,True,596.0
kayak_trip,/home/a_mos/2019/ref/kayak_trip_short_1920x1080_60.yuv,/home/a_mos/2019/seq/kayak_trip_x265/enc_res_huawei_20190725_mv_subjective_kayak_trip_short_1000.mkv,ssim_raw_unsal,0.9772,False,596.0
kayak_trip,/home/a_mos/2019/ref/kayak_trip_short_1920x1080_60.yuv,/home/a_mos/2019/seq/kayak_trip_x265/enc_res_bytedance_mv_subjective_kayak_trip_short_4000.mkv,ssim_fullframe_unsal,0.9016,False,609.3333333333334
kayak_trip,/home/a_mos/2019/ref/kayak_trip_short_1920x1080_60.yuv,/home/a_mos/2019/seq/kayak_trip_x265/enc_res_bytedance_mv_subjective_kayak_trip_short_4000.mkv,ssim_raw_sal,0.9656,True,609.3333333333334
kayak_trip,/home/a_mos/2019/ref/kayak_trip_short_1920x1080_60.yuv,/home/a_mos/2019/seq/kayak_trip_x265/enc_res_bytedance_mv_subjective_kayak_trip_short_4000.mkv,ssim_raw_unsal,0.9781,False,609.3333333333334
kayak_trip,/home/a_mos/2019/ref/kayak_trip_short_1920x1080_60.yuv,/home/a_mos/2019/seq/kayak_trip_x265/enc_res_huawei_20190725_mv_subjective_kayak_trip_short_2000.mkv,ssim_fullframe_unsal,0.8796,False,592.3333333333334
kayak_trip,/home/a_mos/2019/ref/kayak_trip_short_1920x1080_60.yuv,/home/a_mos/2019/seq/kayak_trip_x265/enc_res_huawei_20190725_mv_subjective_kayak_trip_short_2000.mkv,ssim_raw_sal,0.9654,True,592.3333333333334
kayak_trip,/home/a_mos/2019/ref/kayak_trip_short_1920x1080_60.yuv,/home/a_mos/2019/seq/kayak_trip_x265/enc_res_huawei_20190725_mv_subjective_kayak_trip_short_2000.mkv,ssim_raw_unsal,0.9781,False,592.3333333333334
kayak_trip,/home/a_mos/2019/ref/kayak_trip_short_1920x1080_60.yuv,/home/a_mos/2019/seq/kayak_trip_x265/enc_res_huawei_20190725_mv_subjective_kayak_trip_short_4000.mkv,ssim_fullframe_unsal,0.904,False,592.3333333333334
kayak_trip,/home/a_mos/2019/ref/kayak_trip_short_1920x1080_60.yuv,/home/a_mos/2019/seq/kayak_trip_x265/enc_res_huawei_20190725_mv_subjective_kayak_trip_short_4000.mkv,ssim_raw_sal,0.9659,True,592.3333333333334
kayak_trip,/home/a_mos/2019/ref/kayak_trip_short_1920x1080_60.yuv,/home/a_mos/2019/seq/kayak_trip_x265/enc_res_huawei_20190725_mv_subjective_kayak_trip_short_4000.mkv,ssim_raw_unsal,0.9785,False,592.3333333333334
kayak_trip,/home/a_mos/2019/ref/kayak_trip_short_1920x1080_60.yuv,/home/a_mos/2019/seq/kayak_trip_x265/enc_res_huawei_mv_subjective_kayak_trip_short_1000.mkv,ssim_fullframe_unsal,0.8436,False,609.3333333333334
kayak_trip,/home/a_mos/2019/ref/kayak_trip_short_1920x1080_60.yuv,/home/a_mos/2019/seq/kayak_trip_x265/enc_res_huawei_mv_subjective_kayak_trip_short_1000.mkv,ssim_raw_sal,0.9646,True,609.3333333333334
kayak_trip,/home/a_mos/2019/ref/kayak_trip_short_1920x1080_60.yuv,/home/a_mos/2019/seq/kayak_trip_x265/enc_res_huawei_mv_subjective_kayak_trip_short_1000.mkv,ssim_raw_unsal,0.9772,False,609.3333333333334
kayak_trip,/home/a_mos/2019/ref/kayak_trip_short_1920x1080_60.yuv,/home/a_mos/2019/seq/kayak_trip_x265/enc_res_huawei_mv_subjective_kayak_trip_short_2000.mkv,ssim_fullframe_unsal,0.8795,False,613.6666666666666
kayak_trip,/home/a_mos/2019/ref/kayak_trip_short_1920x1080_60.yuv,/home/a_mos/2019/seq/kayak_trip_x265/enc_res_huawei_mv_subjective_kayak_trip_short_2000.mkv,ssim_raw_sal,0.9654,True,613.6666666666666
kayak_trip,/home/a_mos/2019/ref/kayak_trip_short_1920x1080_60.yuv,/home/a_mos/2019/seq/kayak_trip_x265/enc_res_huawei_mv_subjective_kayak_trip_short_2000.mkv,ssim_raw_unsal,0.9781,False,613.6666666666666
kayak_trip,/home/a_mos/2019/ref/kayak_trip_short_1920x1080_60.yuv,/home/a_mos/2019/seq/kayak_trip_x265/enc_res_huawei_mv_subjective_kayak_trip_short_4000.mkv,ssim_fullframe_unsal,0.912,False,632.0
kayak_trip,/home/a_mos/2019/ref/kayak_trip_short_1920x1080_60.yuv,/home/a_mos/2019/seq/kayak_trip_x265/enc_res_mainconcept_mv_subjective_kayak_trip_short_1000.mkv,ssim_fullframe_unsal,0.8385,False,618.3333333333334
kayak_trip,/home/a_mos/2019/ref/kayak_trip_short_1920x1080_60.yuv,/home/a_mos/2019/seq/kayak_trip_x265/enc_res_huawei_mv_subjective_kayak_trip_short_4000.mkv,ssim_raw_sal,0.9659,True,632.0
kayak_trip,/home/a_mos/2019/ref/kayak_trip_short_1920x1080_60.yuv,/home/a_mos/2019/seq/kayak_trip_x265/enc_res_mainconcept_mv_subjective_kayak_trip_short_1000.mkv,ssim_raw_sal,0.9655,True,618.3333333333334
kayak_trip,/home/a_mos/2019/ref/kayak_trip_short_1920x1080_60.yuv,/home/a_mos/2019/seq/kayak_trip_x265/enc_res_huawei_mv_subjective_kayak_trip_short_4000.mkv,ssim_raw_unsal,0.9786,False,632.0
kayak_trip,/home/a_mos/2019/ref/kayak_trip_short_1920x1080_60.yuv,/home/a_mos/2019/seq/kayak_trip_x265/enc_res_mainconcept_mv_subjective_kayak_trip_short_1000.mkv,ssim_raw_unsal,0.9772,False,618.3333333333334
kayak_trip,/home/a_mos/2019/ref/kayak_trip_short_1920x1080_60.yuv,/home/a_mos/2019/seq/kayak_trip_x265/enc_res_mainconcept_mv_subjective_kayak_trip_short_2000.mkv,ssim_fullframe_unsal,0.8744,False,607.0
kayak_trip,/home/a_mos/2019/ref/kayak_trip_short_1920x1080_60.yuv,/home/a_mos/2019/seq/kayak_trip_x265/enc_res_mainconcept_mv_subjective_kayak_trip_short_2000.mkv,ssim_raw_sal,0.9657,True,607.0
kayak_trip,/home/a_mos/2019/ref/kayak_trip_short_1920x1080_60.yuv,/home/a_mos/2019/seq/kayak_trip_x265/enc_res_mainconcept_mv_subjective_kayak_trip_short_2000.mkv,ssim_raw_unsal,0.9779,False,607.0
kayak_trip,/home/a_mos/2019/ref/kayak_trip_short_1920x1080_60.yuv,/home/a_mos/2019/seq/kayak_trip_x265/enc_res_mainconcept_mv_subjective_kayak_trip_short_4000.mkv,ssim_fullframe_unsal,0.9058,False,611.3333333333334
kayak_trip,/home/a_mos/2019/ref/kayak_trip_short_1920x1080_60.yuv,/home/a_mos/2019/seq/kayak_trip_x265/enc_res_mainconcept_mv_subjective_kayak_trip_short_4000.mkv,ssim_raw_sal,0.966,True,611.3333333333334
kayak_trip,/home/a_mos/2019/ref/kayak_trip_short_1920x1080_60.yuv,/home/a_mos/2019/seq/kayak_trip_x265/enc_res_mainconcept_mv_subjective_kayak_trip_short_4000.mkv,ssim_raw_unsal,0.9783,False,611.3333333333334
kayak_trip,/home/a_mos/2019/ref/kayak_trip_short_1920x1080_60.yuv,/home/a_mos/2019/seq/kayak_trip_x265/enc_res_sif_mv_subjective_kayak_trip_short_1000.mkv,ssim_fullframe_unsal,0.7537,False,624.0
kayak_trip,/home/a_mos/2019/ref/kayak_trip_short_1920x1080_60.yuv,/home/a_mos/2019/seq/kayak_trip_x265/enc_res_sif_mv_subjective_kayak_trip_short_1000.mkv,ssim_raw_sal,0.9569,True,624.0
kayak_trip,/home/a_mos/2019/ref/kayak_trip_short_1920x1080_60.yuv,/home/a_mos/2019/seq/kayak_trip_x265/enc_res_sif_mv_subjective_kayak_trip_short_1000.mkv,ssim_raw_unsal,0.9726,False,624.0
kayak_trip,/home/a_mos/2019/ref/kayak_trip_short_1920x1080_60.yuv,/home/a_mos/2019/seq/kayak_trip_x265/enc_res_sif_mv_subjective_kayak_trip_short_2000.mkv,ssim_fullframe_unsal,0.7956,False,628.3333333333334
kayak_trip,/home/a_mos/2019/ref/kayak_trip_short_1920x1080_60.yuv,/home/a_mos/2019/seq/kayak_trip_x265/enc_res_sif_mv_subjective_kayak_trip_short_2000.mkv,ssim_raw_sal,0.9595,True,628.3333333333334
kayak_trip,/home/a_mos/2019/ref/kayak_trip_short_1920x1080_60.yuv,/home/a_mos/2019/seq/kayak_trip_x265/enc_res_sif_mv_subjective_kayak_trip_short_2000.mkv,ssim_raw_unsal,0.974,False,628.3333333333334
kayak_trip,/home/a_mos/2019/ref/kayak_trip_short_1920x1080_60.yuv,/home/a_mos/2019/seq/kayak_trip_x265/enc_res_sz265_mv_subjective_kayak_trip_short_1000.mkv,ssim_fullframe_unsal,0.8516,False,600.6666666666666
kayak_trip,/home/a_mos/2019/ref/kayak_trip_short_1920x1080_60.yuv,/home/a_mos/2019/seq/kayak_trip_x265/enc_res_sz265_mv_subjective_kayak_trip_short_1000.mkv,ssim_raw_sal,0.9647,True,600.6666666666666
kayak_trip,/home/a_mos/2019/ref/kayak_trip_short_1920x1080_60.yuv,/home/a_mos/2019/seq/kayak_trip_x265/enc_res_sz265_mv_subjective_kayak_trip_short_1000.mkv,ssim_raw_unsal,0.9764,False,600.6666666666666
kayak_trip,/home/a_mos/2019/ref/kayak_trip_short_1920x1080_60.yuv,/home/a_mos/2019/seq/kayak_trip_x265/enc_res_sif_mv_subjective_kayak_trip_short_4000.mkv,ssim_fullframe_unsal,0.8322,False,637.3333333333334
kayak_trip,/home/a_mos/2019/ref/kayak_trip_short_1920x1080_60.yuv,/home/a_mos/2019/seq/kayak_trip_x265/enc_res_sif_mv_subjective_kayak_trip_short_4000.mkv,ssim_raw_sal,0.9612,True,637.3333333333334
kayak_trip,/home/a_mos/2019/ref/kayak_trip_short_1920x1080_60.yuv,/home/a_mos/2019/seq/kayak_trip_x265/enc_res_sif_mv_subjective_kayak_trip_short_4000.mkv,ssim_raw_unsal,0.9751,False,637.3333333333334
kayak_trip,/home/a_mos/2019/ref/kayak_trip_short_1920x1080_60.yuv,/home/a_mos/2019/seq/kayak_trip_x265/enc_res_sz265_mv_subjective_kayak_trip_short_2000.mkv,ssim_fullframe_unsal,0.8857,False,615.6666666666666
kayak_trip,/home/a_mos/2019/ref/kayak_trip_short_1920x1080_60.yuv,/home/a_mos/2019/seq/kayak_trip_x265/enc_res_sz265_mv_subjective_kayak_trip_short_2000.mkv,ssim_raw_sal,0.9656,True,615.6666666666666
kayak_trip,/home/a_mos/2019/ref/kayak_trip_short_1920x1080_60.yuv,/home/a_mos/2019/seq/kayak_trip_x265/enc_res_sz265_mv_subjective_kayak_trip_short_2000.mkv,ssim_raw_unsal,0.9775,False,615.6666666666666
kayak_trip,/home/a_mos/2019/ref/kayak_trip_short_1920x1080_60.yuv,/home/a_mos/2019/seq/kayak_trip_x265/enc_res_sz265_mv_subjective_kayak_trip_short_4000.mkv,ssim_fullframe_unsal,0.9156,False,617.0
kayak_trip,/home/a_mos/2019/ref/kayak_trip_short_1920x1080_60.yuv,/home/a_mos/2019/seq/kayak_trip_x265/enc_res_sz265_mv_subjective_kayak_trip_short_4000.mkv,ssim_raw_sal,0.9659,True,617.0
kayak_trip,/home/a_mos/2019/ref/kayak_trip_short_1920x1080_60.yuv,/home/a_mos/2019/seq/kayak_trip_x265/enc_res_sz265_mv_subjective_kayak_trip_short_4000.mkv,ssim_raw_unsal,0.9782,False,617.0
kayak_trip,/home/a_mos/2019/ref/kayak_trip_short_1920x1080_60.yuv,/home/a_mos/2019/seq/kayak_trip_x265/enc_res_t265_mv_subjective_kayak_trip_short_1000.mkv,ssim_fullframe_unsal,0.843,False,594.6666666666666
kayak_trip,/home/a_mos/2019/ref/kayak_trip_short_1920x1080_60.yuv,/home/a_mos/2019/seq/kayak_trip_x265/enc_res_t265_mv_subjective_kayak_trip_short_1000.mkv,ssim_raw_sal,0.9649,True,594.6666666666666
kayak_trip,/home/a_mos/2019/ref/kayak_trip_short_1920x1080_60.yuv,/home/a_mos/2019/seq/kayak_trip_x265/enc_res_t265_mv_subjective_kayak_trip_short_1000.mkv,ssim_raw_unsal,0.9774,False,594.6666666666666
kayak_trip,/home/a_mos/2019/ref/kayak_trip_short_1920x1080_60.yuv,/home/a_mos/2019/seq/kayak_trip_x265/enc_res_t265_mv_subjective_kayak_trip_short_2000.mkv,ssim_fullframe_unsal,0.8794,False,599.0
kayak_trip,/home/a_mos/2019/ref/kayak_trip_short_1920x1080_60.yuv,/home/a_mos/2019/seq/kayak_trip_x265/enc_res_t265_mv_subjective_kayak_trip_short_2000.mkv,ssim_raw_sal,0.9656,True,599.0
kayak_trip,/home/a_mos/2019/ref/kayak_trip_short_1920x1080_60.yuv,/home/a_mos/2019/seq/kayak_trip_x265/enc_res_t265_mv_subjective_kayak_trip_short_2000.mkv,ssim_raw_unsal,0.9781,False,599.0
kayak_trip,/home/a_mos/2019/ref/kayak_trip_short_1920x1080_60.yuv,/home/a_mos/2019/seq/kayak_trip_x265/enc_res_t265_mv_subjective_kayak_trip_short_4000.mkv,ssim_fullframe_unsal,0.9114,False,614.6666666666666
kayak_trip,/home/a_mos/2019/ref/kayak_trip_short_1920x1080_60.yuv,/home/a_mos/2019/seq/kayak_trip_x265/enc_res_t265_mv_subjective_kayak_trip_short_4000.mkv,ssim_raw_sal,0.9659,True,614.6666666666666
kayak_trip,/home/a_mos/2019/ref/kayak_trip_short_1920x1080_60.yuv,/home/a_mos/2019/seq/kayak_trip_x265/enc_res_t265_mv_subjective_kayak_trip_short_4000.mkv,ssim_raw_unsal,0.9786,False,614.6666666666666
kayak_trip,/home/a_mos/2019/ref/kayak_trip_short_1920x1080_60.yuv,/home/a_mos/2019/seq/kayak_trip_x265/enc_res_uc265_mv_subjective_kayak_trip_short_1000.mkv,ssim_fullframe_unsal,0.8369,False,605.0
kayak_trip,/home/a_mos/2019/ref/kayak_trip_short_1920x1080_60.yuv,/home/a_mos/2019/seq/kayak_trip_x265/enc_res_uc265_mv_subjective_kayak_trip_short_1000.mkv,ssim_raw_sal,0.9667,True,605.0
kayak_trip,/home/a_mos/2019/ref/kayak_trip_short_1920x1080_60.yuv,/home/a_mos/2019/seq/kayak_trip_x265/enc_res_uc265_mv_subjective_kayak_trip_short_1000.mkv,ssim_raw_unsal,0.9766,False,605.0
kayak_trip,/home/a_mos/2019/ref/kayak_trip_short_1920x1080_60.yuv,/home/a_mos/2019/seq/kayak_trip_x265/enc_res_uc265_mv_subjective_kayak_trip_short_2000.mkv,ssim_fullframe_unsal,0.8698,False,592.6666666666666
kayak_trip,/home/a_mos/2019/ref/kayak_trip_short_1920x1080_60.yuv,/home/a_mos/2019/seq/kayak_trip_x265/enc_res_uc265_mv_subjective_kayak_trip_short_2000.mkv,ssim_raw_sal,0.9659,True,592.6666666666666
kayak_trip,/home/a_mos/2019/ref/kayak_trip_short_1920x1080_60.yuv,/home/a_mos/2019/seq/kayak_trip_x265/enc_res_uc265_mv_subjective_kayak_trip_short_2000.mkv,ssim_raw_unsal,0.9775,False,592.6666666666666
kayak_trip,/home/a_mos/2019/ref/kayak_trip_short_1920x1080_60.yuv,/home/a_mos/2019/seq/kayak_trip_x265/enc_res_uc265_mv_subjective_kayak_trip_short_4000.mkv,ssim_fullframe_unsal,0.9023,False,602.3333333333334
kayak_trip,/home/a_mos/2019/ref/kayak_trip_short_1920x1080_60.yuv,/home/a_mos/2019/seq/kayak_trip_x265/enc_res_uc265_mv_subjective_kayak_trip_short_4000.mkv,ssim_raw_sal,0.966,True,602.3333333333334
kayak_trip,/home/a_mos/2019/ref/kayak_trip_short_1920x1080_60.yuv,/home/a_mos/2019/seq/kayak_trip_x265/enc_res_uc265_mv_subjective_kayak_trip_short_4000.mkv,ssim_raw_unsal,0.9783,False,602.3333333333334
kayak_trip,/home/a_mos/2019/ref/kayak_trip_short_1920x1080_60.yuv,/home/a_mos/2019/seq/kayak_trip_x265/enc_res_venc_mv_subjective_kayak_trip_short_1000.mkv,ssim_fullframe_unsal,0.8501,False,603.6666666666666
kayak_trip,/home/a_mos/2019/ref/kayak_trip_short_1920x1080_60.yuv,/home/a_mos/2019/seq/kayak_trip_x265/enc_res_venc_mv_subjective_kayak_trip_short_1000.mkv,ssim_raw_sal,0.9612,True,603.6666666666666
kayak_trip,/home/a_mos/2019/ref/kayak_trip_short_1920x1080_60.yuv,/home/a_mos/2019/seq/kayak_trip_x265/enc_res_venc_mv_subjective_kayak_trip_short_1000.mkv,ssim_raw_unsal,0.9737,False,603.6666666666666
kayak_trip,/home/a_mos/2019/ref/kayak_trip_short_1920x1080_60.yuv,/home/a_mos/2019/seq/kayak_trip_x265/enc_res_venc_mv_subjective_kayak_trip_short_2000.mkv,ssim_fullframe_unsal,0.8668,False,604.6666666666666
kayak_trip,/home/a_mos/2019/ref/kayak_trip_short_1920x1080_60.yuv,/home/a_mos/2019/seq/kayak_trip_x265/enc_res_venc_mv_subjective_kayak_trip_short_2000.mkv,ssim_raw_sal,0.9611,True,604.6666666666666
kayak_trip,/home/a_mos/2019/ref/kayak_trip_short_1920x1080_60.yuv,/home/a_mos/2019/seq/kayak_trip_x265/enc_res_venc_mv_subjective_kayak_trip_short_2000.mkv,ssim_raw_unsal,0.9739,False,604.6666666666666
kayak_trip,/home/a_mos/2019/ref/kayak_trip_short_1920x1080_60.yuv,/home/a_mos/2019/seq/kayak_trip_x265/enc_res_venc_mv_subjective_kayak_trip_short_4000.mkv,ssim_fullframe_unsal,0.8927,False,620.6666666666666
kayak_trip,/home/a_mos/2019/ref/kayak_trip_short_1920x1080_60.yuv,/home/a_mos/2019/seq/kayak_trip_x265/enc_res_venc_mv_subjective_kayak_trip_short_4000.mkv,ssim_raw_sal,0.9598,True,620.6666666666666
kayak_trip,/home/a_mos/2019/ref/kayak_trip_short_1920x1080_60.yuv,/home/a_mos/2019/seq/kayak_trip_x265/enc_res_venc_mv_subjective_kayak_trip_short_4000.mkv,ssim_raw_unsal,0.9738,False,620.6666666666666
kayak_trip,/home/a_mos/2019/ref/kayak_trip_short_1920x1080_60.yuv,/home/a_mos/2019/seq/kayak_trip_x265/enc_res_vp9_mv_subjective_kayak_trip_short_1000.mkv,ssim_fullframe_unsal,0.8383,False,610.3333333333334
kayak_trip,/home/a_mos/2019/ref/kayak_trip_short_1920x1080_60.yuv,/home/a_mos/2019/seq/kayak_trip_x265/enc_res_vp9_mv_subjective_kayak_trip_short_1000.mkv,ssim_raw_sal,0.9648,True,610.3333333333334
kayak_trip,/home/a_mos/2019/ref/kayak_trip_short_1920x1080_60.yuv,/home/a_mos/2019/seq/kayak_trip_x265/enc_res_vp9_mv_subjective_kayak_trip_short_1000.mkv,ssim_raw_unsal,0.9763,False,610.3333333333334
kayak_trip,/home/a_mos/2019/ref/kayak_trip_short_1920x1080_60.yuv,/home/a_mos/2019/seq/kayak_trip_x265/enc_res_vp9_mv_subjective_kayak_trip_short_2000.mkv,ssim_fullframe_unsal,0.8649,False,621.3333333333334
kayak_trip,/home/a_mos/2019/ref/kayak_trip_short_1920x1080_60.yuv,/home/a_mos/2019/seq/kayak_trip_x265/enc_res_vp9_mv_subjective_kayak_trip_short_2000.mkv,ssim_raw_sal,0.9655,True,621.3333333333334
kayak_trip,/home/a_mos/2019/ref/kayak_trip_short_1920x1080_60.yuv,/home/a_mos/2019/seq/kayak_trip_x265/enc_res_vp9_mv_subjective_kayak_trip_short_2000.mkv,ssim_raw_unsal,0.9772,False,621.3333333333334
kayak_trip,/home/a_mos/2019/ref/kayak_trip_short_1920x1080_60.yuv,/home/a_mos/2019/seq/kayak_trip_x265/enc_res_vp9_mv_subjective_kayak_trip_short_4000.mkv,ssim_fullframe_unsal,0.8976,False,626.3333333333334
kayak_trip,/home/a_mos/2019/ref/kayak_trip_short_1920x1080_60.yuv,/home/a_mos/2019/seq/kayak_trip_x265/enc_res_vp9_mv_subjective_kayak_trip_short_4000.mkv,ssim_raw_sal,0.966,True,626.3333333333334
kayak_trip,/home/a_mos/2019/ref/kayak_trip_short_1920x1080_60.yuv,/home/a_mos/2019/seq/kayak_trip_x265/enc_res_vp9_mv_subjective_kayak_trip_short_4000.mkv,ssim_raw_unsal,0.9782,False,626.3333333333334
kayak_trip,/home/a_mos/2019/ref/kayak_trip_short_1920x1080_60.yuv,/home/a_mos/2019/seq/kayak_trip_x265/enc_res_x264_mv_subjective_kayak_trip_short_1000.mkv,ssim_fullframe_unsal,0.7856,False,602.6666666666666
kayak_trip,/home/a_mos/2019/ref/kayak_trip_short_1920x1080_60.yuv,/home/a_mos/2019/seq/kayak_trip_x265/enc_res_x264_mv_subjective_kayak_trip_short_1000.mkv,ssim_raw_sal,0.9681,True,602.6666666666666
kayak_trip,/home/a_mos/2019/ref/kayak_trip_short_1920x1080_60.yuv,/home/a_mos/2019/seq/kayak_trip_x265/enc_res_x264_mv_subjective_kayak_trip_short_1000.mkv,ssim_raw_unsal,0.9785,False,602.6666666666666
kayak_trip,/home/a_mos/2019/ref/kayak_trip_short_1920x1080_60.yuv,/home/a_mos/2019/seq/kayak_trip_x265/enc_res_x264_mv_subjective_kayak_trip_short_2000.mkv,ssim_fullframe_unsal,0.845,False,607.6666666666666
kayak_trip,/home/a_mos/2019/ref/kayak_trip_short_1920x1080_60.yuv,/home/a_mos/2019/seq/kayak_trip_x265/enc_res_x264_mv_subjective_kayak_trip_short_2000.mkv,ssim_raw_sal,0.9666,True,607.6666666666666
kayak_trip,/home/a_mos/2019/ref/kayak_trip_short_1920x1080_60.yuv,/home/a_mos/2019/seq/kayak_trip_x265/enc_res_x264_mv_subjective_kayak_trip_short_2000.mkv,ssim_raw_unsal,0.9789,False,607.6666666666666
kayak_trip,/home/a_mos/2019/ref/kayak_trip_short_1920x1080_60.yuv,/home/a_mos/2019/seq/kayak_trip_x265/enc_res_x264_mv_subjective_kayak_trip_short_4000.mkv,ssim_fullframe_unsal,0.8943,False,608.0
kayak_trip,/home/a_mos/2019/ref/kayak_trip_short_1920x1080_60.yuv,/home/a_mos/2019/seq/kayak_trip_x265/enc_res_x264_mv_subjective_kayak_trip_short_4000.mkv,ssim_raw_sal,0.9662,True,608.0
kayak_trip,/home/a_mos/2019/ref/kayak_trip_short_1920x1080_60.yuv,/home/a_mos/2019/seq/kayak_trip_x265/enc_res_x264_mv_subjective_kayak_trip_short_4000.mkv,ssim_raw_unsal,0.9788,False,608.0
kayak_trip,/home/a_mos/2019/ref/kayak_trip_short_1920x1080_60.yuv,/home/a_mos/2019/seq/kayak_trip_x265/enc_res_x265_mv_subjective_kayak_trip_short_1000.mkv,ssim_fullframe_unsal,0.8433,False,593.6666666666666
kayak_trip,/home/a_mos/2019/ref/kayak_trip_short_1920x1080_60.yuv,/home/a_mos/2019/seq/kayak_trip_x265/enc_res_x265_mv_subjective_kayak_trip_short_1000.mkv,ssim_raw_sal,0.9648,True,593.6666666666666
kayak_trip,/home/a_mos/2019/ref/kayak_trip_short_1920x1080_60.yuv,/home/a_mos/2019/seq/kayak_trip_x265/enc_res_x265_mv_subjective_kayak_trip_short_1000.mkv,ssim_raw_unsal,0.9768,False,593.6666666666666
kayak_trip,/home/a_mos/2019/ref/kayak_trip_short_1920x1080_60.yuv,/home/a_mos/2019/seq/kayak_trip_x265/enc_res_x265_mv_subjective_kayak_trip_short_2000.mkv,ssim_fullframe_unsal,0.8809,False,607.6666666666666
kayak_trip,/home/a_mos/2019/ref/kayak_trip_short_1920x1080_60.yuv,/home/a_mos/2019/seq/kayak_trip_x265/enc_res_x265_mv_subjective_kayak_trip_short_2000.mkv,ssim_raw_sal,0.9656,True,607.6666666666666
kayak_trip,/home/a_mos/2019/ref/kayak_trip_short_1920x1080_60.yuv,/home/a_mos/2019/seq/kayak_trip_x265/enc_res_x265_mv_subjective_kayak_trip_short_2000.mkv,ssim_raw_unsal,0.9778,False,607.6666666666666
kayak_trip,/home/a_mos/2019/ref/kayak_trip_short_1920x1080_60.yuv,/home/a_mos/2019/seq/kayak_trip_x265/enc_res_x265_mv_subjective_kayak_trip_short_4000.mkv,ssim_fullframe_unsal,0.9125,False,612.3333333333334
kayak_trip,/home/a_mos/2019/ref/kayak_trip_short_1920x1080_60.yuv,/home/a_mos/2019/seq/kayak_trip_x265/enc_res_x265_mv_subjective_kayak_trip_short_4000.mkv,ssim_raw_sal,0.9659,True,612.3333333333334
kayak_trip,/home/a_mos/2019/ref/kayak_trip_short_1920x1080_60.yuv,/home/a_mos/2019/seq/kayak_trip_x265/enc_res_x265_mv_subjective_kayak_trip_short_4000.mkv,ssim_raw_unsal,0.9784,False,612.3333333333334
